{
    "D:/img/GLEYY01-S533rec533-07-1b1d0c3a-6df4-4751-b2ba-a46d7cf0e6c8.jpg": {
        "index": 2,
        "path": "D:/img/GLEYY01-S533rec533-07-1b1d0c3a-6df4-4751-b2ba-a46d7cf0e6c8.jpg",
        "region": {
            "1": {
                "coordinate": {
                    "1": {
                        "x:": 528.4070509679352,
                        "y:": 326.0950314537635
                    },
                    "10": {
                        "x:": 492.47004750160215,
                        "y:": 336.7430324808254
                    },
                    "11": {
                        "x:": 479.16004621777506,
                        "y:": 347.39103350788685
                    },
                    "12": {
                        "x:": 471.1740454474788,
                        "y:": 355.37703427818315
                    },
                    "13": {
                        "x:": 460.5260444204171,
                        "y:": 364.6940351768623
                    },
                    "14": {
                        "x:": 453.8710437785036,
                        "y:": 375.3420362039238
                    },
                    "15": {
                        "x:": 445.8850430082073,
                        "y:": 388.6520374877508
                    },
                    "16": {
                        "x:": 443.223042751442,
                        "y:": 399.3000385148125
                    },
                    "17": {
                        "x:": 440.5610424946764,
                        "y:": 413.94103992702236
                    },
                    "18": {
                        "x:": 440.5610424946764,
                        "y:": 424.5890409540841
                    },
                    "19": {
                        "x:": 440.5610424946764,
                        "y:": 432.5750417243802
                    },
                    "2": {
                        "x:": 525.7450507111698,
                        "y:": 326.0950314537635
                    },
                    "20": {
                        "x:": 445.8850430082073,
                        "y:": 441.8920426230592
                    },
                    "21": {
                        "x:": 452.5400436501208,
                        "y:": 445.8850430082073
                    },
                    "22": {
                        "x:": 461.8570445487999,
                        "y:": 449.8780433933555
                    },
                    "23": {
                        "x:": 471.1740454474788,
                        "y:": 455.20204390688616
                    },
                    "24": {
                        "x:": 480.4910463461578,
                        "y:": 457.86404416365167
                    },
                    "25": {
                        "x:": 491.13904737321957,
                        "y:": 461.8570445487999
                    },
                    "26": {
                        "x:": 496.46304788675036,
                        "y:": 463.1880446771826
                    },
                    "27": {
                        "x:": 500.4560482718983,
                        "y:": 465.8500449339479
                    },
                    "28": {
                        "x:": 508.4420490421946,
                        "y:": 468.51204519071337
                    },
                    "29": {
                        "x:": 515.0970496841084,
                        "y:": 468.51204519071337
                    },
                    "3": {
                        "x:": 524.4140505827872,
                        "y:": 326.0950314537635
                    },
                    "30": {
                        "x:": 521.7520503260218,
                        "y:": 468.51204519071337
                    },
                    "31": {
                        "x:": 529.7380510963178,
                        "y:": 468.51204519071337
                    },
                    "32": {
                        "x:": 537.7240518666142,
                        "y:": 468.51204519071337
                    },
                    "33": {
                        "x:": 544.3790525085278,
                        "y:": 468.51204519071337
                    },
                    "34": {
                        "x:": 552.3650532788241,
                        "y:": 467.18104506233067
                    },
                    "35": {
                        "x:": 555.0270535355895,
                        "y:": 465.8500449339479
                    },
                    "36": {
                        "x:": 557.6890537923549,
                        "y:": 464.5190448055653
                    },
                    "37": {
                        "x:": 560.3510540491202,
                        "y:": 463.1880446771826
                    },
                    "38": {
                        "x:": 561.6820541775029,
                        "y:": 463.1880446771826
                    },
                    "39": {
                        "x:": 565.6750545626511,
                        "y:": 460.5260444204171
                    },
                    "4": {
                        "x:": 523.0830504544044,
                        "y:": 326.0950314537635
                    },
                    "40": {
                        "x:": 569.6680549477994,
                        "y:": 457.86404416365167
                    },
                    "41": {
                        "x:": 572.3300552045645,
                        "y:": 447.21604313659003
                    },
                    "42": {
                        "x:": 574.99205546133,
                        "y:": 435.23704198114564
                    },
                    "43": {
                        "x:": 574.99205546133,
                        "y:": 424.5890409540841
                    },
                    "44": {
                        "x:": 574.99205546133,
                        "y:": 407.286039285109
                    },
                    "45": {
                        "x:": 574.99205546133,
                        "y:": 391.31403774451627
                    },
                    "46": {
                        "x:": 574.99205546133,
                        "y:": 372.6800359471584
                    },
                    "47": {
                        "x:": 559.0200539207375,
                        "y:": 344.7290332511215
                    },
                    "48": {
                        "x:": 551.0340531504413,
                        "y:": 320.7710309402328
                    },
                    "49": {
                        "x:": 539.055051994997,
                        "y:": 294.15102837257854
                    },
                    "5": {
                        "x:": 519.0900500692562,
                        "y:": 326.0950314537635
                    },
                    "50": {
                        "x:": 536.3930517382314,
                        "y:": 282.1720272171342
                    },
                    "51": {
                        "x:": 533.7310514814661,
                        "y:": 272.8550263184553
                    },
                    "6": {
                        "x:": 516.4280498124908,
                        "y:": 326.0950314537635
                    },
                    "7": {
                        "x:": 509.77304917057734,
                        "y:": 326.0950314537635
                    },
                    "8": {
                        "x:": 505.78004878542913,
                        "y:": 326.0950314537635
                    },
                    "9": {
                        "x:": 500.4560482718983,
                        "y:": 328.75703171052896
                    }
                },
                "name": {
                }
            }
        },
        "step": 1.3310000896453857
    }
}
