{
    "D:/img/GLEYY01-S533rec533-07-c65d1acc-00cd-4a6f-8cae-b922094b39e3.jpg": {
        "index": 2,
        "path": "D:/img/GLEYY01-S533rec533-07-c65d1acc-00cd-4a6f-8cae-b922094b39e3.jpg",
        "region": {
            "1": {
                "coordinate": {
                    "1": {
                        "x:": 644.740829000219,
                        "y:": 267.46806834522465
                    },
                    "10": {
                        "x:": 677.2727871999292,
                        "y:": 285.4545707124534
                    },
                    "11": {
                        "x:": 679.0909691789896,
                        "y:": 287.27275269151363
                    },
                    "12": {
                        "x:": 680.9091511580498,
                        "y:": 288.18184368104374
                    },
                    "13": {
                        "x:": 687.2727880847605,
                        "y:": 292.72729862869437
                    },
                    "14": {
                        "x:": 696.3636979800618,
                        "y:": 299.090935555405
                    },
                    "15": {
                        "x:": 700.9091529277123,
                        "y:": 301.81820852399534
                    },
                    "16": {
                        "x:": 704.5455168858326,
                        "y:": 302.7272995135255
                    },
                    "17": {
                        "x:": 706.3636988648927,
                        "y:": 305.4545724821158
                    },
                    "18": {
                        "x:": 708.181880843953,
                        "y:": 310.0000274297663
                    },
                    "19": {
                        "x:": 708.181880843953,
                        "y:": 323.63639227271784
                    },
                    "2": {
                        "x:": 645.4546025663758,
                        "y:": 268.18184191138135
                    },
                    "20": {
                        "x:": 706.3636988648927,
                        "y:": 331.818211178489
                    },
                    "21": {
                        "x:": 705.4546078753626,
                        "y:": 336.3636661261393
                    },
                    "22": {
                        "x:": 703.6364258963024,
                        "y:": 340.90912107379
                    },
                    "23": {
                        "x:": 703.6364258963024,
                        "y:": 343.63639404238023
                    },
                    "24": {
                        "x:": 702.7273349067724,
                        "y:": 345.45457602144046
                    },
                    "25": {
                        "x:": 700.9091529277123,
                        "y:": 350.0000309690911
                    },
                    "26": {
                        "x:": 700.0000619381822,
                        "y:": 351.8182129481512
                    },
                    "27": {
                        "x:": 698.1818799591219,
                        "y:": 354.54548591674154
                    },
                    "28": {
                        "x:": 697.2727889695916,
                        "y:": 357.2727588853319
                    },
                    "29": {
                        "x:": 694.5455160010014,
                        "y:": 361.81821383298245
                    },
                    "3": {
                        "x:": 645.4546025663758,
                        "y:": 269.0909329009115
                    },
                    "30": {
                        "x:": 688.1818790742907,
                        "y:": 366.36366878063296
                    },
                    "31": {
                        "x:": 682.72733313711,
                        "y:": 371.81821471781365
                    },
                    "32": {
                        "x:": 679.0909691789896,
                        "y:": 372.7273057073437
                    },
                    "33": {
                        "x:": 643.6364205873156,
                        "y:": 372.7273057073437
                    },
                    "34": {
                        "x:": 640.9091476187251,
                        "y:": 371.81821471781365
                    },
                    "35": {
                        "x:": 636.3636926710744,
                        "y:": 369.09094174922325
                    },
                    "36": {
                        "x:": 635.4546016815445,
                        "y:": 369.09094174922325
                    },
                    "37": {
                        "x:": 632.7273287129542,
                        "y:": 367.272759770163
                    },
                    "38": {
                        "x:": 630.9091467338939,
                        "y:": 366.36366878063296
                    },
                    "39": {
                        "x:": 627.2727827757736,
                        "y:": 365.45457779110296
                    },
                    "4": {
                        "x:": 650.9091485035561,
                        "y:": 270.90911487997187
                    },
                    "40": {
                        "x:": 621.8182368385928,
                        "y:": 362.72730482251245
                    },
                    "41": {
                        "x:": 616.363690901412,
                        "y:": 360.9091228434523
                    },
                    "42": {
                        "x:": 611.8182359537617,
                        "y:": 358.18184987486205
                    },
                    "43": {
                        "x:": 608.1818719956412,
                        "y:": 355.45457690627165
                    },
                    "44": {
                        "x:": 602.7273260584607,
                        "y:": 353.6363949272114
                    },
                    "45": {
                        "x:": 599.0909621003402,
                        "y:": 350.9091219586211
                    },
                    "46": {
                        "x:": 593.6364161631595,
                        "y:": 347.2727580005007
                    },
                    "47": {
                        "x:": 593.6364161631595,
                        "y:": 318.1818463355372
                    },
                    "48": {
                        "x:": 594.5455071526897,
                        "y:": 316.3636643564771
                    },
                    "49": {
                        "x:": 595.4545981422198,
                        "y:": 312.72730039835665
                    },
                    "5": {
                        "x:": 656.3636944407368,
                        "y:": 272.727296859032
                    },
                    "50": {
                        "x:": 597.27278012128,
                        "y:": 309.0909364402362
                    },
                    "51": {
                        "x:": 598.18187111081,
                        "y:": 304.54548149258574
                    },
                    "52": {
                        "x:": 600.0000530898704,
                        "y:": 302.7272995135255
                    },
                    "53": {
                        "x:": 600.9091440794004,
                        "y:": 299.090935555405
                    },
                    "54": {
                        "x:": 602.7273260584607,
                        "y:": 296.36366258681466
                    },
                    "55": {
                        "x:": 603.6364170479907,
                        "y:": 295.4545715972846
                    },
                    "56": {
                        "x:": 604.5455080375209,
                        "y:": 292.72729862869437
                    },